id;create_by;content;create_date
1;realistic in spherical;institutionalize;2024-09-19
2;sans onto;abaft radiant modulo;2024-09-20
3;young;wager bespatter;2024-09-20
4;freezer which round;amid yippee playfully;2024-09-19
5;circa bungle besides;pronunciation coaxingly quaintly;2024-09-20
6;headache yahoo lard;expose psychoanalyse absent;2024-09-19
7;wildly dearly;but giddy larva;2024-09-20
8;ambitious organization skill;indeed within;2024-09-19
9;roughly inside;er woeful;2024-09-20
10;cream;fooey;2024-09-20
